Product ID,Count
M22759,896
SOOW,381
-,313
M23053,300
M16878,293
M17,217
M81044,97
SO,94
THHN,89
STJ,78
EPR,73
M13486,59
SIS,56
TRAY,54
M85485,52
SJT,50
M81381,48
SJO,47
ET,44
XLP,43
SJ,43
Cable,42
RG,39
M5086,38
E22,34
W-2,33
WELD,33
Hi,30
SEO,29
H07RN-F,29
SJEOOW,26
W-4,24
CO-04,24
XHHW,23
see,23
EXANE,23
M27500-22RC2U00,20
THERMOSTAT,19
SFJ,17
ExaneRD,17
1XSOW-30,16
E28,16
TXL,16
W-1,15
E24,15
M25038,15
3239-12-10KV,15
FSS-2,14
SJOOW,14
FESTOON,14
m22759,14
Belden,14
01761,14
F,14
LS3SJ-16,14
EE22,14
E20,13
M24643,13
Expando,13
CO-03,13
Exane,13
E18,13
M55021,12
RHH,12
E12,12
WELD-2,12
WELD-4,12
Boat,11
81644,11
EE4,11
M27500-22RC2S06,11
SPT-3,11
TEST,10
1028-8-133T,10
EXPANDO-1,10
EE14,10
W-3,10
SJW,10
DLO-2,10
5310,10
E26,10
GPTM,10
HST221-1,10
LSTHOF-500,9
LSC5OS-4,9
2SWF-3,9
ExaneDLO93,9
GTO-15,9
37540,9
DLO-4,9
MG10,8
M27500-22RC2U00-9,8
DXOW-3,8
EXPANDO,8
LSTTSU-5,8
KYN28-1,8
Can,8
I,8
B22-19,8
M27500-22TG2T14,8
LS2SJ-14,8
RG220,8
Item,8
Exane-14-110-600V,8
M27500-22ML2T08,8
2XSAOW-3,8
LDF5-50A,7
M27500-22TE4T14,7
M27500-26SB2T23,7
MG2,7
LS7PS-6,7
LMR-400,7
MG18-5107,7
HST321-1,7
MG12-5107,7
LSTSGU-50,7
MG1,7
3321-18-16T,7
MS25471-2,7
PVC105-2,6
M27500-22ML2T08-9,6
2XSAOW-7,6
M27500-12TG4T14,6
M27500-16SM2N23,6
5309UE,6
1199-16-19,6
F2600-1,6
15-18-16T,6
C1203,6
THOF-500,6
SGT-4,6
DLO-1111,6
2XSOW-3,6
M27500-16SD2T23,6
MG12,6
1199-8-133,6
LS4SJ-20,6
LDF4-50A,6
M27500-22SB2T23,6
TTXOW-3,6
DXOW-4,6
M27500-16TE2U00,6
LS2SWU-3,6
AA59569R30T0500,6
27081AS,6
HST221-3,6
DSS-3,6
LSTSGU-400,6
B20-19,6
MG22,6
DLO-12,6
M27500-24TG1T14,5
Exane-18-110-600V,5
W-4-3C,5
M27500-20RC2U00,5
M27500-24RC2U00,5
SRML-3,5
07-20-7T,5
THOF-400,5
LSTSGA-50,5
AWC3RC0631824-PU0,5
LSTSGU-100,5
LSC5OSW-4,5
LSTHOF-4,5
LSMHOF-19,5
LSFSGU-3,5
LSFSGU-100,5
LS3SJ-14,5
3289-16-26T,5
3239-24-20KV-0,5
83337E,5
15-16-26T,5
MG24-5360,5
M27500-22TG4T14,5
TTXOW-30,5
M27500-22ML6T08,5
LS2SWU-1,5
MS25471-20,5
LS2SJ-22,5
LS4SJ-14,5
DXW-3,5
MS25471-8,5
1180-22-19,5
MXCOW-7,5
3239-22-20KV,5
LSDHOF-6,5
3239-14-40KV,5
AA59569F36T0062,5
MG4,5
W-4-5C,5
HST105-1,5
LSDSGU-9,5
M27500-8LE2S06,5
LSSHOF-150,5
3239-18-10KV,5
M27500-12SD4U00,5
1283-4-420B,5
Exane-12-110-600V,4
EXPANDO-3,4
DL-CAT6A-24ETCT50,4
1XSOW-14,4
LSFHOF-60,4
3239-22-40KV-2,4
1028-8-133B,4
73-14-41T,4
THOF-42,4
3239-22-19T-20KV,4
M27500-26SC2U00,4
1423-26-1,4
1429-22-19T,4
3257-22,4
SGX-4,4
3239-16-40KV,4
LS2SWL-7,4
LSTSGU-300,4
3239-12-20KV-9,4
M27500-26RC4S09,4
RBS-28014,4
M27500-22RC2S06-9,4
1430-22-19T,4
LS2SUS-37,4
2XS-2,4
LSTSGU-75,4
AD961-2NH,4
Exane-16-110-600V,4
LSTSGU-23,4
10086-8-133,4
3271-22-7T,4
M27500-22TG4T14-9,4
Exane-12-110-2000V,4
DSS-2,4
10070-8-665T,4
LS2SJ-11,4
LS3SJ-12,4
LSC5FS-4,4
TRXF-84,4
3239-22-19T-10KV-2,4
TSS-2,4
2982SS,4
B14-19-0,4
M27500-24RC2S06,4
M27500-24TE2T14-9,4
3239-24-10KV,4
LSTNW-9,4
BN20-19-0,4
SIS-14-7T,4
M27500-16RC2U00,4
61-20-1T,4
M27500-26RC2U00-9,4
M27500-16RC1S09,4
AA59569R36T0250,4
B26-1,4
2XSAOW-19,4
B18-19,4
M27500-12RC2S06,4
LS3SJ-22,4
B16-19,4
2XSW-1,4
AA59569F36T0171,4
M27500-20TE3T14,4
2XSOW-7,4
M27500-16SR2U00,4
SRML-4,4
M27500-22SD2T23,4
SIS-14-1T,4
LMR-400-UF-FR-0,3
LSSHOF-500,3
M27500-20RC2S06,3
3239-18-40KV,3
M27500-24RC1S06,3
AA59569R32T0062,3
1283-6-19B,3
M27500-18RC2S06,3
MG10-5107,3
LDF2-50,3
SIS-18-7T,3
DSS-4,3
M27500-20TE2T14,3
3239-20-10KV-0,3
LSFSGU-4,3
LSTTSU-10,3
LSMSCU-14,3
AA59569R36S0781,3
LSDSGU-4,3
M27500-16SP3U23,3
15-22-7T,3
AA59569R36T0203,3
TGGT-14,3
LSTHOF-6,3
5302FM,3
M27500-22SD4T23,3
07-18-16T,3
5048-8,3
HP6ZHSS-HZW,3
M27500,3
AA59569R36T0500,3
M27500-16SR1S23,3
LMR-400-LSZH,3
FIT500-12,3
AWC-35160-JG,3
LSDHOF-9,3
15-16-26T-6,3
M27500-22RC2S09-9,3
M27500-20TE1T14-9,3
LSSSGU-400,3
AA59569R30T0656,3
LS2U-19,3
W-500-1C,3
1180-24-19,3
2XO-6,3
STAGE-4,3
3027A,3
MG-5128-24,3
HP6ZHSS-HNM,3
LS2SUS-19,3
SFF2-6-133,3
LMR-240-LLPL,3
DX-3,3
TTXOW-5,3
109790-18,3
TGGT-18,3
LS2SWU-24,3
M27500-12TE1T14,3
MXCOW-19,3
15-20-10T,3
EZ-400-NF-X,3
3266-16-19T,3
SIS-10-105T,3
LS2UA-19,3
LS2SWU-12,3
D6-133,3
C0766A,3
M27500-24TG2T14,3
TGGT-12,3
10475-2-25KV,3
MXCW-7,3
AA59569F36T0781,3
LS2SWU-7,3
M27500-16ML3T08,3
1429-26-7T,3
SRML-16,3
3239-22-30KV,3
1429-20-7T,3
M27500-20TE4T14,3
MYLAR-3,3
3239-22-15KV,3
TGGT-02,3
M27500-22ML2U00-9,3
1199-20-1,3
LSMS-37,3
2XSO-19,3
C0587A,3
TSS-4,3
07-22-7T,3
1430-24-7T,3
G-2-4C,3
10086-22-7,3
5302UE,3
1199-22-1,3
M27500-12ML2T08,3
LSDSGA-3,3
1120A,3
M27500-24SE3S23,3
TGGT-16,3
TXOW-3,3
3266-18-19T,3
07-28-7T,3
2XAO-2,3
RBR-28010,3
2XSO-10,3
1283-4-420T-0,3
LS2SJ-9,3
M27500-18RC3S06,3
MG14,3
A55123,3
1284-350-3458B,3
LDF6-50,3
1199-24-7,3
LSTTSU-15,3
SRML-12,3
M27500-26RC2U00,3
M27500-16SP1S23,3
B22-7,3
SIS-14-41T,3
MS25471-4,3
AA59569F36T0078,3
3092F,3
3239-24-20KV,3
1284-750-7448B,3
W-1-1C,3
TELCO-750-L2,3
3239-22-40KV,3
AA59569F36T0109,3
SGT-2,3
M27500-22SD2T23-9,3
1313A,3
3239-18-15KV,3
10086-12-37,3
M27500-10SD2U00,3
LS2SU-7,3
DX-4,3
LMR-400-LLPL,3
MG16,3
658AFS,3
3239-10-10KV,3
3XSOW-7,3
3239-16-10KV,3
LS2SJ-20,3
07-18-1T-0,3
C5531,3
LMR-400-0,3
W-4-1C,3
GTO-15-0,3
83319E,3
AA59569R36T0125,3
07-24-7T,3
M27500-20RC2S09,3
TXW-4,3
M27500-20RC3S06,3
M27500-20SB2T23,3
LSMSA-37,3
1199-20-19,3
W-8-1C,3
10086-4-133,3
Exane-444-110-2000V,3
10070-14-168T,3
PVC105-3,3
MG22-5107,3
07-16-26T-0,3
M27500-22TE2U00,3
C2404A,3
123107A,3
SGX-6,3
M27500-12SR2S23,3
1283-6-133T,3
PV-10-7B-2KV,3
3239-12-20KV,3
LS2SJ-18,3
W-2-1C,3
LSFSGU-23,2
LSSHOF-23,2
5200FE,2
LSTHOF-250,2
TGGT-04,2
2SWF-4,2
1422-30-1-6,2
117530-18,2
DSWS-4,2
LSTPNW-40,2
111890-18,2
11700A,2
07-18-1T,2
M27500-16TE4T14,2
15-18-16B,2
M27500-20SB4U23,2
LSFNW-3,2
UNI-UL1015-16,2
C6101A,2
3257-16-HW,2
B24-1,2
SIS-6-133T,2
LSDSGA-4,2
3239-14-15KV,2
3266-24-7T,2
3271-18-16T,2
3239-10-20KV,2
BN24-19,2
W-1-5C,2
602012CY,2
3239-14-40KV-0,2
TXW-3,2
STAGE-1,2
61-22-7T,2
C6047A,2
3108A,2
M27500-16SM2U00,2
1199-22-7,2
27617A,2
KYN28-1-0,2
3239-22-10KV,2
W-2-5C,2
1051A,2
281803CY,2
LSTCKX-1,2
M27500-12SB3T23,2
M27500-26SR2S23,2
C0561A,2
Exane-6-110-2000V,2
TGGT-22,2
16213025-54,2
3035A,2
2SWF-7,2
LS7SGU-4,2
1057A,2
M27500-12RC2S09,2
W-6-2C,2
M27500-18TG4T14-9,2
AA59569R34T0109,2
M27500-24ML1T08,2
07-16-26T-2,2
M27500-22SM1N23,2
3196-4-133T,2
M27500-12RC3S09,2
5520FE,2
172419-2,2
LS2U-15,2
LSTTRS-6,2
10070-10-413T,2
10070-6-1050T,2
TFT250-1,2
HP8ZH-BHE,2
3048-6-84,2
5345FE,2
10475-8-15KV,2
D20-19,2
SRML-6,2
83304E,2
401412CP,2
3644-6-114T-0,2
15-18-16T-6,2
PVC105-10,2
SS26-4,2
73-22-7T,2
M27500-24ML2U08,2
TFT200-5,2
192400-18,2
M27500-22SD1T23,2
3090AE,2
FXW-3,2
83306E,2
FIT-PRINT-1,2
M27500-20RC4S06,2
M27500-22TG3T14,2
E2052S,2
LSDNW-3,2
7SS-2,2
LS7SGA-4,2
MWF-19,2
LSFSGU-50,2
LSTTOP-5,2
7201A,2
5500F1,2
TGGT-10,2
GXL18-0,2
3074F,2
DSS-3-0,2
M27500-20SB6T23,2
GXL14-9,2
10086-16-7,2
B22-19-3,2
73-20-10T-6,2
5180-12,2
9XS-12,2
07-16-26T-5,2
M27500-10TE2T14,2
MG14-5107-0,2
LSFSGA-9,2
LMR-195-LSZH,2
10603-0,2
3109A,2
LSTSGA-4,2
M27500-26RC2S06-9,2
LS3SWU-44,2
NER773436T,2
3271-8-133T,2
1672A,2
M27500-12RC1S06-9,2
1820-0,2
1513C,2
3321-8-133T-0,2
LSMDU-14,2
SRML-8,2
HDT-18-16,2
TW,2
LS1SMWU-70,2
LSMHOF-24,2
HP8ZH-BFB,2
1371-32-1,2
AA59569R30T0281,2
61-30-7T,2
M27500-14SD2U00,2
2XSO-7,2
5400FE,2
3266-14-19T-9,2
2XSOW-19,2
LSFSGU-150,2
10603-0-0,2
LMR-600-PVC-W,2
3239-10-40KV-0,2
M27500-22SB2T23-9,2
LSTSGU-65,2
C5560,2
C2423A,2
G-250-4C,2
SFF2-8-133,2
10086-30-1,2
LS2SJA-18,2
MG20,2
1430-26-7T-0,2
3106A,2
LMR-600-FR,2
07-16-26T-9,2
AD961-2NJ-0,2
3271-16-19T,2
SRML-350,2
401803CP,2
55A0112-24,2
M27500-22SB2U00,2
MS25471-10,2
1180-18-19,2
AA59569R34T0781,2
TTXS0-8,2
3289-4-133T,2
M27500-16RC3U06,2
C8108,2
SS26-4-0,2
B28-7,2
SS26-6-8,2
1422-24-1,2
LS2SU-3,2
SIS-14-7T-8,2
3083A,2
10086-10-105,2
M27500-24TG4T14-9,2
M27500-16SP2U23,2
10086-18-1T-2,2
27111A,2
C8106,2
1199-18-7,2
3239-14-20KV-2,2
PVC105-5,2
M27500-16TG2T14,2
LSTSGU-150,2
SGT-1,2
1430-26-7T,2
3079A,2
TRC-14-7,2
3239-16-20KV,2
1429-22-7T,2
121770-18,2
LSTHOF-150,2
W-6-5C,2
9R28034,2
MG10-5107-9,2
LMR-200,2
1199-30-7,2
M27500-24RC4S09,2
07-16-1T,2
M27500-20TE1T14,2
LS2SWUA-1,2
69-14-41T,2
M27500-26RC2S09,2
LSFSGU-200,2
LS2SUS-3,2
W-2-3C,2
KYN28-1-3,2
1199-26-1,2
AZ201932,2
FXOW-4,2
LSFSGU-9,2
LMR-500-LLPL,2
LSTSGU-200,2
MG6,2
1116A,2
1199-20-7-2,2
MG16-5107,2
C0601A,2
G-6-4C,2
1371-22-7,2
27334A,2
3239-20-10KV,2
M27500-24SC2T23,2
AA59569R36T0062,2
TCOM-200-PUR-DB,2
M27500-16SB4T23,2
HYP4,2
15-16-26T-5,2
M27500-12RC4U00,2
LSC5POS-4,2
55A0112-22,2
SGX-2,2
FS-24-HT,2
LSTPS-14,2
1674A,2
LSMNW-7,2
1430-20-7T-7,2
GGC-8-3C,2
73-20-10T,2
1283-4-420T,2
HP8ZH-BGE,2
61-22-7T-0,2
SF2-8-54,2
M27500-10RC2U09,2
M27500-12SR2U00,2
M27500-16SD1T23,2
MS27110-16,2
11872A,2
1199-18-19,2
M27500-20TG4T14,2
AA59569R34T0062,2
3076F,2
81315-0,2
1429-20-19T-5,2
MG08-5107,2
LMR-200-LSZH,2
LSFSGA-3,2
Exane-373-110-600V,2
M27500-28SC2S23,2
LDF4-75A,2
MXO-10,2
TGGT-20,2
AWC-T2204,2
3257-16-25KV-2,2
2XSO-14,2
15-12-19B,2
3289-2-665T,2
10086-18-7,2
1180-20-19,2
C4100A,2
M27500-24TE1T14,2
SRML-6-2,2
LS2SU-14,2
73-18-16T,2
EP150-18,2
141295-18,2
Exane-2-110-2000V,2
C2426A,2
121780-18,2
3239-10-15KV,2
LSTSGA-9,2
2XSO-3,2
MG-5128-12,2
27082AS,2
69-12-65T,2
73-16-26T-8,2
1814R,2
187652575-54,2
3265-18-16T,2
M27500-24SD1T23,2
NER73736T,2
2XSOW-30,2
D8-133,2
7928A,2
LS2U-30,2
B24-19,2
118060-18,2
LSMSCU-7,2
M27500-20SR2S23,2
PLT20-2,2
5220UJ,2
W-6-3C,2
LMR-900-LLPL,2
B28-7-1,2
LS2SUS-7,2
AA59569R34T0375,2
1199-26-19,2
AA59569R36T0156,2
LSMNW-14,2
2XSW-3,2
LS3SJ-9,2
M27500-20ML2T08,2
3239-18-25KV-0,2
M27500-22ML1T08-9,2
LSMCOS-7,2
61-22-1T,2
SF2-6-84,2
TRC12108,2
GGC-500-3C,2
HP8ZH-BJE,2
1902A,2
3271-1,2
TRC1210,2
M27500-22TE4T14-9,2
TXOW-4,2
MXSOW-37,2
DLO-1,2
KYN26-1-3,2
61-22-7T-9,2
M27500-16SD3U23,2
MG18-5107-9,2
MG-5128-14-0,2
SIS-2-133T,2
5508UE,2
HWT-13,2
07-20-10T-0,2
W-2-4C,2
W-4-4C,2
3239-14-25KV-2,2
118155-18,2
LSDSGU-3,2
M27500-26RC2S06,2
1921101-54,2
AWC-T2202,2
3265-16-26T,2
3239-14-10KV,2
M27500-18TE4T14,2
LSTSGU-14,2
M27500-22SP1S23,2
3271-4,2
1429-28-7T,2
AA59569R30T0437,2
M27500-12TG3T14,2
07-22-7T-6,2
1028-8-19B-2,2
M27500-12SB2U00,2
D10-105,2
TCOM-400-PUR-DB,2
SIS-4-133T,2
M27500-18RC2S09,2
MG24-5107,2
1283-6-266B,2
LSTPS-6,2
1199-14-19,2
C8120,2
1180-22-19-3,1
07-22-7T-0,1
M27500-22RC2S09,1
2XS-19,1
LS2SA-10,1
1199-24-7-5,1
1575267-54,1
C4219A,1
LMR-400-UF,1
1213-26-19,1
2L28040,1
5102FM,1
1180-16-19-0,1
55A0114-20-2,1
55A0114-20,1
10070-16-105T,1
6207010-54,1
61-24-7T-5,1
C2433A,1
LS1S50MU-20,1
10475-8-40KV,1
55A0813-20,1
D12-19-6,1
10070-12-259T-2,1
ZIP-GRP-2,1
Exane-1-110-2000V,1
26002M-0,1
10086-4-133T-2,1
M27500-16RC1S06,1
MS25471-16,1
FIT-650-1,1
168835-18,1
M27500-26RC4S06-9,1
M64800,1
TC-400-BM-75-X,1
5022FZ,1
M1125,1
B28-7-0,1
HFE100D,1
TCGT300-20,1
TW-10295A,1
M27500-12SB4T23,1
M27500-20SB3T23,1
EZ-1200-716FC-2,1
820-0170-000,1
M27500-12ML3T08-9,1
1429-20-7T-2,1
UNI-UL1015-12,1
TGGT-01,1
W-4-2C,1
10086-26-19,1
1199-12-19,1
AA59569R36T0171,1
M27500-16RA2N06,1
TGGT-08,1
6360050-54,1
LSTTRS-16,1
07-20-7T-5,1
LSMSCA-14,1
9R28020,1
139850-18,1
B24-19-5,1
C0841A,1
61-22-19T-9,1
C6048A,1
M27500-16TG1T14,1
117555-18,1
1199-24-7-2,1
3311-2-665B-0,1
55A0112-26,1
M27500-22SR2U00-9,1
M27500-24TE2T14,1
C0750A,1
TCOM-400-PUR,1
LSMSCS-24,1
401818CP,1
3271-12-65T-0,1
61-28-7T,1
1310A,1
9L28320,1
M27500-18SM1T23,1
117565-18,1
31525390-54,1
C1603,1
1115A,1
2XAO-40,1
27600A,1
1180-14-19-0,1
3195-8-133T,1
M27500-12ML3U00,1
A5154,1
C0620A,1
44A0811-22,1
TW-2097083-1,1
TN-3050,1
3239-10-25KV-0,1
LSSSGU-50,1
162930-18,1
1180-22-19-9,1
LMR-195,1
AA59569F36T0125,1
1673B,1
LMR-400-PVC-W,1
C1206,1
THOF-500E,1
MG-5128-18-9,1
83348E,1
M27500-22RC6S06,1
1199-22-19,1
3239-18-15KV-2,1
TELCO-2-L2,1
07-24-1T,1
3266-22-7T-6,1
55A0111-22-0,1
M27500-20TG1T14,1
M27500-24SB2U23,1
3266-12-19T-5,1
1429-28-7T-1,1
3342-6,1
1060-10-105B-0,1
1516-24,1
9L28024,1
C2103A,1
61-20-1T-0,1
281405CY,1
M27500-26RC2U06,1
D14-19-9,1
122700-18,1
27153A,1
FSS-3,1
TFT250-3,1
M27500-16TG4T14,1
SF2-3,1
1056-18-16B-5,1
C7106A,1
TRC-14-4,1
C2117A,1
M27500-16TG2T14-9,1
1528-0,1
M27500-20TE3T14-9,1
BRC-10-2,1
61-26-19T-3,1
LSFSGA-50,1
1430-24-7T-0,1
1283-6-266T,1
55A0811-6,1
1180-16-19,1
AA59569R36S0500,1
1800B,1
PIF200-10,1
M27500-12RC2S06-9,1
187656075-54,1
187656035-54,1
BRC-14-2-8,1
LSFHOF-133,1
SXL10-6,1
5202FE,1
NER1972534T,1
73-16-26T-4,1
AA59569R36T0031,1
LSTPS-3,1
LSDHOF-30,1
LMR-500-DB,1
A77233,1
1XSOW-2,1
10086-16-19-8,1
M27500-20RC4S09,1
10086-28-7,1
07-24-7T-0,1
X-722192-001,1
1283-2-665T,1
5020FZ,1
55A0111-22,1
FXOW-3,1
NER775434T,1
343551625-54,1
RB-28020,1
A3248,1
9116SB,1
1199-24-19-9,1
MXCOW-14,1
W-350-1C,1
AA59569R30N0500,1
6501GE,1
LSSSGU-100,1
C4102A,1
AA59569R30T0875,1
C0454A,1
15-10-105T,1
LS7PS-14,1
3271-14-41T-9,1
KYN30-1,1
1430-22-19T-8,1
A461219-2,1
1431-22-7T-7,1
PIF240-3,1
3239-22-19T-20KV-9,1
LSFHOF-3,1
3XSW-3,1
M27500-22SP3U00,1
M27500-18ML4T08,1
10475-8-25KV,1
B18-7-5,1
M27500-20RC2S06-9,1
6506FE,1
PVT0226,1
M27500-10MH2U00,1
3239-18-10KV-0,1
LMR-600-75-DB,1
1040A,1
M27500-8TE2T14,1
B18-19-0,1
3271-10-105T,1
1431-18-7T,1
601204CY,1
1429-24-19T-6,1
W-6-1C,1
SXL18-5,1
3265-16-1T,1
HDT-20-7,1
BRC-14-4,1
15-10-105B,1
M27500-20ML3T08,1
M27500-12TE4T14,1
C2016A,1
3239-22-30KV-2,1
27916A,1
C2430A,1
C0748A,1
AD961-2NF,1
TW-07-22-7T-2-0,1
M27500-16SR2M23,1
C4065A,1
808060W,1
M27500-26RC4S09-9,1
2XSOW-12,1
121805-18,1
KYN24-1,1
8899-2,1
3311-1-836B,1
C6065A,1
FS-5-HT,1
7986LC,1
1199-24-19-3,1
TTXS-2,1
3090A,1
MG20-5107,1
5300U1,1
3239-14-10KV-9,1
6359060-54,1
TBD,1
44A0111-18-0,1
DLO-8,1
PVC-105-14,1
3005A,1
83009-9,1
1431-22-7T,1
M27500-20SB4T23,1
27324A,1
D12-19-9,1
C2540A,1
C2539A,1
6320UL,1
M27500-20SR2U00,1
C5504,1
1093A,1
M27500-16ML3T08-9,1
15257125-54,1
M27500-14RC1S09,1
5222FZ,1
C7606A,1
1431-24-19T-0,1
B18-7-4,1
D8-133-2,1
3271-14-19T,1
AD961-3TK,1
1199-8-133-5,1
AA59569R32T0125,1
M27500-16TE3U00,1
M27500-16ML3U00,1
1423-20-1,1
M27500-22RE2N06,1
C0910A,1
TFT-250-20,1
C8109,1
M27500-14SP2S23,1
44A0811-20,1
3046-12-65,1
15-14-19B-2,1
1423-26-1-2,1
C1602,1
LMR-195-DB,1
BN16-19-4,1
TSS-3,1
TELCO-6-L3,1
GXL14-2,1
M27500-26SB3T23,1
1199-8-133-9,1
LS2SWAU-24,1
LS3SWU-7,1
M27500-12SP3U00,1
RBS-28016,1
3239-16-15KV-2,1
M16119LW,1
1180-26-19-1,1
M27500-16TE2T14,1
558AFS,1
MG22-5107-0,1
LSSHOF-60,1
M27500-24MM2U08,1
M27500-22RC1S06,1
3119A,1
B16-19-2,1
1514C,1
1484-0,1
GXL10-2,1
M27500-12SB2U23,1
B20-7-5,1
1430-22-7T,1
113065-18,1
61-18-19T-1,1
C2882A,1
Exane-535-110-600V,1
3239-12-40KV,1
SGT-6-0,1
3214-1-259T,1
C0600A,1
LSTTSU-3,1
TFL-28,1
1431-14-19T-2,1
W-2F-4C,1
1078A,1
AA59569F36T0375,1
3265-24-19T,1
LS2U-60,1
A86207CY,1
A85634,1
2XSAOW-14,1
A172619-BLACK,1
AF155-20,1
PVC-105-0,1
A35173,1
2SWF-7-0,1
A5124,1
73-22-7T-5,1
3265-24-7T,1
PIF-200-1,1
1429-18-7T-2,1
3124A,1
A5132,1
B30-1-2,1
M27500-22SD2S23,1
6441FE,1
3321-20-10T-0,1
HST221-4,1
3239-10-20KV-2,1
LS3SWU-24,1
7897A,1
1056A,1
C2118A,1
10603-00,1
BRC-18-2-8,1
TTXOW-40,1
10603-250,1
1199-20-7-3,1
LSMDU-60,1
A25372,1
3102A,1
M27500-20SP2S23,1
6860015-54,1
BN28-7,1
CL3P-18-2-S,1
C4221A,1
07-16-1T-6,1
2XSA-19,1
M27500-16RC2S09,1
1180-20-19-3,1
3271-14-41T-4,1
M27500-24TG4T14,1
D22-19-2,1
M27500-14RC3S09-9,1
TFL-20,1
HST221-5,1
M4728,1
LMR-300-75,1
Exane-10-110-2000V,1
PIF-240-4,1
G-500-4C,1
116655-18,1
3644-18-7T,1
CL3P-12-4-S,1
M27500-22TG1T14-9,1
C2465A,1
M27500-18TG4T14,1
M55021-E20SC9-0S06,1
M3190,1
M27500-24SB2V23,1
SS26-8,1
M27500-12SM2N23,1
15-16-26T-9,1
162970-18,1
1SWF-2,1
LS1S75MU-8,1
W-8-4C,1
3321-12-65T-9,1
3239-16-20KV-0,1
SF2-4,1
M27500-24SB2T23,1
55A0811-16,1
55A0111-20-9,1
TELCO-6-L2,1
LS3SU-14,1
3239-12-15KV-2,1
AWC-165174R-B,1
1283-6-19B-3,1
27121A,1
M27500-16SB2T23,1
LS2U-45,1
140245-18,1
601004CY,1
M27500-14TE4T14,1
07-20-10T-9,1
TW-2347555-1,1
M27500-24TE1T14-9,1
1199-8-133-0,1
5322UE,1
69-10-105T,1
C5701,1
M27500-20TG4T14-9,1
3239-16-40KV-0,1
FSJ1RK-50B,1
3271-16-26T-0,1
83308E,1
1028-8-168B,1
B22-19-0,1
1526A,1
5320UJ,1
M27500-12RC5U06,1
3239-20-19T-20KV,1
5306FM,1
1429-24-7T-6,1
C4191A,1
QQW343H12S1T,1
6709020-54,1
7444A,1
FIT500-16,1
M27500-24TE2U00,1
PV0230,1
SF212-19-9,1
6044-4,1
2124-8,1
192365-18,1
2XSAOW-24,1
AWC-03262875-S-FEP,1
07-24-7T-4,1
HP8ZH-BLE0,1
M27500-26SB2U00,1
3048-8-84,1
CL3P-20-2-S,1
1060-12-65B-2,1
TFT-200-18,1
TFT250-9,1
1800F,1
M55021-ZH20TC9-0T28,1
83320E,1
M27500-14TG2T14,1
3289-8-133T,1
M27500-24SB3T23,1
1180-20-7,1
LS3SU-7,1
BRC-12-4,1
6360090-54,1
GGC-350-3C,1
W-8-2C,1
LMR-600-75,1
5072-8,1
TFT200-11,1
TFT-200-24,1
LMR-400-FR,1
M27500-14RC2S06,1
M8744020,1
LMR-600-LSZH,1
1056-18-16T-6,1
1056-18-16T,1
C6356A,1
A6456,1
AWC-T2404,1
297A2331,1
LSTNW-23,1
SF2-2-0,1
1429-28-7T-9,1
5100FE,1
AF155-1,1
AF-155-1,1
AF155-1IN,1
TRAY-16-3,1
111355-18,1
M27500-8RC2U00,1
10086-26-19-2,1
M27500-16SM3T23,1
N-4-18-0-M,1
1084A,1
1180-16-19-4,1
FIT-500-28,1
31012N,1
SXL20-1,1
601404CY,1
M27500-22TG1T14,1
TELCO-2-L3,1
10475-6-25KV,1
6402FE,1
TGGT-06,1
TCGT600-6,1
M27500-26RE2U00,1
LSTTSA-5,1
07-28-7T-3,1
AWC-T1803,1
AD961-3NE,1
15-20-1T-8,1
M27500-12SD3V09,1
M27500-22TE1T14-9,1
Exane-10-110-600V,1
5220FM,1
M27500-18RC2S09-9,1
LSSHOF-800,1
C2424A,1
SXL14-5,1
1068A,1
GXL18-5,1
C0784A,1
M27500-22SB3T23,1
LSFHOF-9,1
1494A,1
3044A,1
3265-22-19T,1
EV0803,1
3064A,1
9R28037,1
73-20-10T-2,1
3265-20-19T-0,1
LSTHOF-3,1
LSTTSU-20,1
B18-19-2,1
169080-18,1
M27500-12RC3U06,1
3044-20-10,1
27326A,1
M27500-20TG1T14-9,1
197751075-54,1
15-14-41T-5,1
M27500-24SE2S23,1
AD961-3NC,1
3321-20-10T,1
3042A,1
D26-7-9,1
MWF-24,1
M22129-20-N,1
BRC-18-2,1
1431-20-19T-0,1
PLT16-2,1
M27500-12ML1T08,1
NER73740T,1
M27500-24ML2T08-9,1
A1712,1
LMR-240-UF,1
D14-19,1
5180-18,1
LSTSGA-150,1
C1606,1
15-20-1T-1,1
A5100,1
2XSAOW-10,1
G-1-4C,1
1279P,1
1028-8-133T-2,1
1180-26-19-0,1
3239-16-15KV-9,1
401404CP,1
169345-18,1
3257-14-25KV,1
3321-10-105T,1
A6084,1
Exane-262-110-2000V,1
AF-155-7,1
1429-26-7T-4,1
LSSSGU-200,1
SRML-18,1
TTXW-30,1
130000-18,1
B24-7-0,1
PIF240-5,1
07-24-7T-6,1
M27500-24RC5S06,1
W-8-2C-0,1
TCOM-240-FR,1
10086-20-19-4,1
HYP2,1
PIF-240-7,1
Exane-20-110-600V,1
W-4F-4C,1
168885-18,1
316007125-54,1
2XS-7,1
538AFS,1
3239-16-10KV-0,1
B16-1,1
NER75936T,1
1863A,1
27334AS,1
GXL8-3,1
LSTHOF-9,1
M27500-24RC3S09,1
55A0811-20,1
SIS-18-1T,1
M27500-16SP2G23,1
M27500-12SD4T23,1
LMR-400-FR-PVC,1
118210-18,1
07-22-1T,1
LMR-240-LSZH,1
HYP10,1
5052-8,1
TFT-250-18,1
1308A,1
3321-16-26T,1
AZ161929,1
PDM0602,1
183080-18,1
C8134,1
1423A,1
1430-16-19T-9,1
147695-18,1
LSDCOP-1,1
NF26-2Q100,1
07-24-1T-6,1
DLO-6,1
B18-19-5,1
M27500-22SP2S23-9,1
AD961-2NJ,1
HP8ZH-BSP,1
07-20-7T-6,1
C2526A,1
LMR-400-DB,1
1213-10-37-9,1
M27500-24RC2S09-9,1
3239-10-40KV-9,1
M243172,1
B20-7-2,1
D2-665,1
9L28326,1
3046-16-26,1
AA59569R30T0375,1
C4104A,1
SW-41,1
6860020-54,1
C0603,1
1284-1-836T-0,1
73-22-7T-0,1
EPDM125-22,1
1888-0,1
1283-2-665T-6,1
M27500-24TG5T14,1
A6206,1
3271-20-10T-0,1
C0765A,1
C0604A,1
AA59569R30T0562,1
LSDNWA-100,1
TRC-14-6,1
SIS-12-1T,1
2XAO-18,1
2XO-42,1
TXWA-4,1
LSTSGA-100,1
C3164,1
M27500-20ML2U00,1
W-1-4C,1
M27500-22RC3S06,1
7919A,1
M27500-20RC3U00,1
HP6-ZHSS-HWT-0,1
1056-16-26BC-6,1
A2171,1
LSMNWA-19,1
1199-14-19-1,1
SW-42,1
RB-28026,1
3271-22-7T-1,1
27139A,1
LSDSGU-23,1
15-18-16B-5,1
M27500-18RC1S06,1
3644-14-7T-0,1
TW-2275471-1,1
1032A,1
1018A,1
1192A,1
187653075-54,1
PIF-240-10,1
LMR-400-LSZH-0,1
15-14-1T-1,1
C5501,1
GEA22P007,1
SIS-18-1T-0,1
07-20-7T-1,1
VINYLGLASS-5,1
10086-16-19-2,1
10086-20-7-3,1
3072F,1
LMR-500,1
KYN28-1-6,1
C2421A,1
MG04-5107-2,1
M27500-22TE3T14-9,1
EZ-400-TM-X,1
M27500-22ML2U00,1
SXL16,1
6301FE,1
M27500-22SM4N23,1
1505A,1
1213-26-1,1
GRP-120NF14,1
LS5KVTSGU-100,1
MXSO-9,1
HWT-15,1
5302FE,1
EVT1003,1
1300SB,1
EZ-1700-716MC,1
3321-8-133T,1
M27500-14RC3S09,1
7934A,1
1569-10-105T-2,1
C0833A,1
15253375-54,1
M27500-12RC3S06,1
TFL-26,1
M27500-22RC2T00,1
1213-10-37,1
1199-8-133-2,1
M27500-22SR2U00,1
1575107-54,1
55A0111-26-1,1
SGT-4-2,1
XM0803KCY,1
73-18-16T-5,1
MG24-5360-0,1
1523-24,1
2124-9,1
183070-18,1
GXL18-D5,1
C3162,1
C3163,1
6206020-54,1
2XSAOW-37,1
MXCOW-10,1
BN20-19-2,1
5048-0,1
M27500-20TE4T14-9,1
TELCO-12-L3,1
M27500-22TE2T14,1
MG12-5107-0,1
3321-16-26T-6,1
3321-12-65T-2,1
TFL-16,1
7930A,1
LSDSGU-400,1
LS2SJ-12,1
C4076A,1
1431-6-133T,1
SS26-8-8,1
LSSSGU-75,1
Exane-16-110-2000V,1
M27500-24RC3U09,1
RCN9034-24,1
M27500-16RC3S06-9,1
C0785A,1
10086-12-19,1
D16-19-8,1
C0747A,1
07-20-10T-2,1
Exane-646-110-2000V,1
HP8ZH-BDB,1
5305UE,1
6906030-54,1
7200A,1
LS3SWU-14,1
LS3SA-10,1
C8124,1
1431-18-19T-0,1
6359120-54,1
3289-22-7T,1
M27500-22LE3T14,1
PLTI22-3,1
GXL8-6,1
B26-1-6,1
PIF240-1,1
LS2SWU-19,1
TTXOW-20,1
3266-24-7T-6,1
MG250-5107,1
6542FE,1
M27500-16SP1G23,1
A79049,1
SRML-2,1
117580-18,1
1422-30-1-2,1
LS1SMA-5,1
PLTI22-2,1
1199-20-19-2,1
1305A,1
C0723A,1
M27500-16RC3S09,1
118070-18,1
Exane-14-110-2000V,1
3266-14-19T,1
W-8-5C,1
BRC-8-2,1
LSMSCU-24,1
M27500-16RC2S06,1
A2246,1
6360035-54,1
10086-20-19-9,1
5306FE,1
3289-8-84T,1
LS8NW-6,1
B22-19-2,1
GXL10-D5,1
TCGT600-14,1
10475-6-25KV-9,1
TC-600-LCM,1
5028-8,1
2XS-3,1
UNI-UL1015-18,1
10475-4-25KV,1
1199-20-19-8,1
SGT-4-0,1
A298,1
A45110,1
MS25471-01,1
AD961-2TF-0,1
27633A,1
MG-5128-18-0,1
B20-7,1
EPDM125-14,1
JAS-250,1
5180-22,1
15-12-65T-6,1
1213-28-7,1
PIF200-9,1
C0574A,1
M27500-22RC4S06,1
C0742A,1
A492350,1
AA59569F30T1375,1
PVC105-18,1
PVC105-4,1
SIS-8-7T,1
1199-20-19-5,1
W-8-4C-0,1
3239-12-40KV-0,1
3311-1-836B-0,1
MS25471-18,1
3271-16-26T,1
3321-20-10T-2,1
C7600A,1
MXSO-21,1
E22C9-0STW,1
5100FM,1
1309A,1
1199-12-19-6,1
315253425-54,1
PV0430,1
KYN28-1-4,1
3266-18-7T-0,1
D8-133-0,1
1429-24-1T,1
TFL-15,1
15-16-26T-2,1
TFT200-8,1
3239-24-25KV,1
116635-18,1
TTXW-20,1
1431-20-7T-5,1
M27500-16E2N06,1
73-16-26T-2,1
07-26-1T,1
183615-18,1
CN22-19,1
HYP1,1
HST105-2,1
D20-19-3,1
3289-10-105T,1
SIS-4-7T,1
MG12-5107-9,1
LMR-100A-PVC,1
LSDSGU-300,1
10086-1-259,1
A1238-H,1
M27500-12RC1S09,1
B14-19,1
3066A,1
M27500-18RC2U00,1
10086-4-133T-5,1
27338A,1
GXL20-9,1
A87707,1
3239-22-19T-10KV-9,1
B20-7-0,1
M27500-20ML1T08,1
169545-18,1
SXL16-3,1
6858120-54,1
AWC-204P182163PU,1
55A0812-2,1
W-6-4C,1
M27500-26SC3S23,1
3271-14-41T-5,1
PIF-200-2,1
B14-19-5,1
MS27110-20,1
07-18-16T-2,1
MG16-5360,1
735A1,1
1069A,1
AWC-03262855-S-FEP,1
5300UE,1
5120UZ,1
CL3P-22-2-S-0,1
3239-10-15KV-0,1
AA59551-S30S1S,1
M27500-26RC5T09,1
1525525-54,1
C2831A,1
LSFSGA-150,1
M27500-18TG1T14,1
HP6-ZHSS-HPN-0,1
07-18-16T-1,1
GXL14-4,1
9XS-8,1
LSDSGU-50,1
1199-14-19-0,1
AWC-T1801,1
V16010,1
M27500-24RC2S09,1
AD961-2TE,1
A6714-2,1
MG8,1
PVC-105-10,1
M27500-20SD2U00,1
7807A,1
GXL14-0,1
LSMSCS-10,1
1180-12-19,1
PIF200-7,1
M13515,1
C4127A,1
5000FE,1
MS25471-14,1
1284-500-5054B-0,1
61-26-7T-0,1
STAGE-8,1
3271-14-41T,1
SXL18-2,1
891634CY,1
A25020,1
AWC-T2401,1
M8808020,1
735A2,1
83305E,1
M27500-16ML2U08,1
3045A,1
GXL14-7,1
M27500-16RC6U00,1
2XSAOW-30,1
C0650A,1
C6052A,1
3266-16-19T-7,1
3266-16-19T-4,1
D10-105-0,1
TCOM-240,1
M27500-22TE7T14,1
3289-6-84T-2,1
TCGT600-12,1
10086-2-133,1
LSTCKX-12,1
AA59551-S26S1T,1
15-12-65T-5,1
1431-10-37T,1
AD961-2NL,1
MYLAR-1,1
C1648A,1
3321-18-16T-0,1
C4063A,1
MXCW-14,1
LSMSCU-10,1
MXCW-10,1
SF2-8-54-0,1
171465-18,1
07-22-7T-0-2,1
AD961-3ND,1
AD961-3TF,1
M27500-12TG2T14,1
121845-18,1
M27500-22SR2T23,1
83350E,1
10086-4-133T-0,1
3239-18-20KV,1
83318E,1
LSDSGU-200,1
1180-22-19-5,1
10086-20-7,1
M27500-20SB2T23-9,1
154785-18,1
TX-3,1
PLT14-2,1
AD961-3NL,1
10086-18-1T-0,1
M27500-24ML3T08,1
A2821,1
D18-19-0,1
TFT-200-6,1
RB-28016,1
15-14-41T-6,1
83352E,1
5120FN,1
10603-6-266,1
3239-12-15KV,1
LSMCOS-6,1
C4228A,1
61-18-19T-3,1
TFT250-5,1
07-20-10T,1
10086-6-133,1
HST321V-1,1
C0980A,1
LSTTSA-3,1
5032-0,1
C5625,1
118215-18,1
SF2-2,1
F12005KW,1
6508FE,1
M27500-20TG2T14,1
D18-19,1
141765-18,1
C7114A,1
1199-8-133-6,1
M27500-12SP4G23,1
LSMNW-10,1
M27500-8TA2N06,1
601807CY,1
HST105-3,1
SXL8-9,1
7892A,1
7931A,1
C0433A,1
3239-24-25KV-9,1
73-10-105T-0,1
LSMDU-6,1
SRML-14-0,1
1423-26-1-5,1
M27500-20RC1S06,1
73-16-26T-6,1
M27500-24RC3S06,1
3239-14-20KV,1
61-24-1T-3,1
55A0811-12,1
BN16-19-0,1
SXL12-6,1
M27500-26ML2T08,1
B20-19-5,1
3001214-M,1
FSS-4,1
83005-2,1
M27500A12SR2U00,1
61-26-19T-2,1
61-28-1T,1
M27500-24TG2T14-9,1
81665-4,1
1621202-54,1
07-20-1T,1
MG24-5107-0,1
A1121,1
1725525-54,1
A1299,1
5305FE,1
3032A,1
140145-18,1
A78120,1
10086-10-37,1
B16-19-0,1
C0452A,1
LSTNW-4,1
B28-1-9,1
M27500-22RC1S06-9,1
C4111A,1
27329A,1
1190A,1
M27500-14TE3T14,1
3239-24-10KV-0,1
6359020-54,1
6541PA,1
M8708160,1
XM1817R,1
D16-19-2,1
SF2-1,1
M27500-14TG1T14-9,1
EP150-3,1
61-18-16T-3,1
D12-19-0,1
MG-5128-22,1
3239-18-15KV-0,1
15-16-26B-6,1
C0683A,1
M27500-16SM4N23,1
6406UE,1
1921201-54,1
281603CY,1
1199-20-19-0,1
1855A,1
STAGE-2,1
10475-8-25KV-0,1
FS-10-HT-9,1
M27500-26RC6U06,1
LSMHOF-14,1
7881A,1
EP150-1,1
EP150-4,1
LS7SGU-3,1
15-12-65B-5,1
LSSSGU-650,1
LSMSCS-44,1
LSDSGU-14,1
M27500-16SP4U00,1
1523-24-1-5,1
6708010-54,1
6709010-54,1
B22-1,1
SW-2,1
277210-18,1
C2064A,1
15-22-1T-6,1
1829P,1
2XS-10,1
1429-22-19T-2,1
M27500-22SR2U23,1
27080A,1
SFF2-6-133-9,1
171470-18,1
1585A,1
6708025-54,1
1199-10-37,1
15830067-54,1
73-12-65T-0,1
M27500-12RC2S09-9,1
5320UM,1
D22-7,1
6909030-54,1
61-16-26T-0,1
LSMSCS-7,1
MXCWA-30,1
55A0813-10,1
10475-2-25KV-0,1
LSMSCU-19,1
MS25471-22,1
83336E,1
SW-25,1
AD961-2NK,1
169280-18,1
10086-16-19,1
C4208A,1
M27500-24SC2S23,1
1199-20-19-9,1
197751825-54,1
118080-18,1
140235-18,1
LS3SA-3,1
121700A,1
1429-28-7T-7,1
TW-2091926-16,1
34360405-54,1
34360305-54,1
2XSAW-3,1
LDF2-50-0,1
C2525A,1
HP8ZH-BMG,1
LSTSGU-3,1
5XO-4,1
15-10-105T-0,1
A938,1
TCGT300-10,1
HST421-1,1
FIT321-1,1
5324UL,1
10086-8-133T-0,1
15-24-1T,1
3265-16-26T-2,1
3239-14-40KV-9,1
B24-105B-2,1
PENDANT-16-8,1
3069A,1
LSTHOF-400,1
9L28309,1
15-14-41T-0,1
MWF-30,1
M27500B26WE2G24,1
M33801,1
BMS13-48T10C01G022-5,1
TC-240-NMH-X,1
M27500-24SE2U23,1
10086-14-19-2,1
5306UE,1
M27500-12SP2U23,1
SGT-1-2,1
LS4NW-8,1
1371-26-7-0,1
6352010-54,1
1505F,1
10086-10-37-0,1
TFT250-11,1
27604A,1
1218B,1
SGT-6,1
PLTS16-3,1
AVA5-50,1
83317E,1
3103A,1
1430-20-19T-1,1
118140-18,1
SS26-6-0,1
SRML-14-9,1
AA59569F30T0875,1
C0436A,1
10070-10-413T-9,1
1422-30-1,1
M27500B22WR2U00,1
C3169,1
3265-26-7T,1
LSDSGA-9,1
TC-600-NMH-X,1
LSSRW,1
281404CY,1
C2015A,1
3271-16-26T-1,1
27325AS,1
C7604A,1
AD961-3NG,1
144005-18,1
M27500-16TE3T14,1
1312A,1
10086-24-7,1
5288US,1
LSSSGA-75,1
M27500-20SN3N23,1
M27500-22TG2V14,1
3239-12-25KV-2,1
B18-7-0,1
TEFZ-30,1
M2406,1
3239-18-10KV-2,1
LSTNW-3,1
3239-16-15KV,1
123092A,1
601003CY,1
B16-19-6,1
3644-14-7T-9,1
C1302,1
15254625-54,1
1049A,1
1431-18-19T,1
STX-2,1
A2468,1
MG18-5107-2,1
07-18-16T-0,1
3289-16-26T-1,1
MXCWA-7,1
07-24-1T-8,1
SIS-8-7T-0,1
SIS-8-7T-2,1
55A0811-00-9,1
C3031,1
169220-18,1
6353020-54,1
3266-24-7T-0,1
3239-22-30KV-9,1
15-10-105T-2,1
C3062,1
C5505,1
C4223A,1
3289-2-259T,1
SIS-16-7T,1
1041A,1
AD961-3TC,1
1621206-54,1
A6309,1
LSTSGA-3,1
BN28-7-9,1
LSDCOP-2,1
AD961-2NC,1
M27500-16SD4T23,1
3079E,1
10086-24-19,1
PVC105-8,1
GGC-4-3C,1
B22-7-2,1
15-18-7T-0,1
LSMCOS-5,1
1813A,1
A80138,1
MXOW-10,1
LSMCOS-4,1
DLO-10,1
171720-18,1
3266-26-7T,1
TC-240-NMH-RA-D,1
LSDHOF-14,1
3068A,1
55A0116-28,1
HP8ZH-BGE-9,1
MG20-5107-9,1
1180-18-19-0,1
55A0116-24,1
1199-20-7,1
44A0111-12-0,1
FIT-700-26,1
3321-20-10T-3,1
15-14-41T,1
M27500-22TG3T14-9,1
187660035-54,1
ST900-50,1
3239-20-7T-25KV,1
5202UP,1
M27500-10TE1T14,1
EZ-400-FM-75,1
31525207-54,1
26190-6,1
LSMDU-23,1
LS4SJA-20,1
5180-24,1
15-22-1T,1
1284-500-5054B,1
1283-6-19B-2,1
44A0111-12,1
3321-6-133T,1
44A0111-20,1
B26-7,1
C2052A,1
44A0111-24-9,1
SRML-14,1
G-350-4C,1
15-16-1T-0,1
2084-8,1
TFT250-15,1
3195-8-133T-8,1
3644-2-259T-0,1
A45463,1
15-12-65T-9,1
27331A,1
1725117-54,1
27138A,1
10070-8-665T-0,1
LS3SJA-9,1
6360010-54,1
BN14-19,1
10086-14-19,1
159935-18,1
1431-12-19T-5,1
C1208,1
A6324,1
TELCO-500-L2,1
12202-0,1
112204-0,1
A79048,1
F16025KW,1
3266-20-19T-4,1
LSSHOF-200,1
C2420A,1
C5530,1
3044-18-16,1
C0786A,1
10086-6-19,1
27615A,1
6407015-54,1
C5540,1
MG-5128-16-0,1
1180-18-7,1
11725225-54,1
3239-12-40KV-2,1
1430-22-7T-3,1
M27500-22TG2U14,1
DUNBAR-APS-III,1
TFT-250-8,1
1284-250-2499B,1
M27500-16ML2U00,1
C12-19,1
C8104,1
171670-18,1
401825CP,1
FIT400-20,1
MG500-5107-9,1
3271-8-133T-0,1
TFT-250-9,1
C1604,1
385305-18,1
3239-24-40KV,1
C8110,1
M9700020,1
197752315-54,1
A79103,1
3289-26-7T,1
1431-6-133T-0,1
1028-8-133B-2,1
A85612CY,1
LMR-300-FR-PVC,1
LSTNW-14,1
M27500-10SP1S00,1
1062-0,1
M27500-26RC3S06-9,1
120710-18,1
STAGE-6-5,1
M27500-14SP3U00,1
130580-18,1
AA59569R34T0171,1
192430-18,1
M27500-16RC2U00-9,1
117525-18,1
197751830-54,1
RB-28006,1
1430-26-19T,1
1521A,1
SGT-2-0,1
M27500-14RC4S06-9,1
A45020,1
M27500-12ML2U23,1
55A0811-10,1
3321-22-7T,1
M27500-12TE4T14-9,1
A2244,1
PV1030,1
DN8-133,1
2SWF-24,1
182655-18,1
1528A,1
LS1S75MA-8,1
LSSHOF-3,1
C0444A,1
M27500-22SR2S23,1
M27500-14ML3T08,1
M27500-12TE2T14,1
